{
    "area":       [ 1, 1,           1,           1.974743319, 2.278875162],
    "power":      [ 1, 1,           1,           1.497716895, 1.749333333]
    }
