{
    "area":       [ 1, 1.949555068, 3.709574145, 7.325456759, 8.453656378 ], 
    "power":      [ 1, 1.237623762, 1.524390244, 2.283105023, 2.666666667 ]
}
