{
    "area":       [ 1,  1,           1.902779873, 3.757501843,  4.336197791],
    "power":      [ 1,  1,           1.231707317, 1.844748858,  2.154666667]
    }
